{"test_accuracy": 0.9230769276618958, "test_loss": 0.10164002329111099, "classification_report": {"A": {"precision": 1.0, "recall": 1.0, "f1-score": 1.0, "support": 3.0}, "B": {"precision": 0.75, "recall": 1.0, "f1-score": 0.8571428571428571, "support": 3.0}, "C": {"precision": 1.0, "recall": 0.6666666666666666, "f1-score": 0.8, "support": 3.0}, "D": {"precision": 1.0, "recall": 1.0, "f1-score": 1.0, "support": 4.0}, "accuracy": 0.9230769230769231, "macro avg": {"precision": 0.9375, "recall": 0.9166666666666666, "f1-score": 0.9142857142857144, "support": 13.0}, "weighted avg": {"precision": 0.9423076923076923, "recall": 0.9230769230769231, "f1-score": 0.9208791208791209, "support": 13.0}}}