{"accuracy": [0.5348837375640869, 0.8139534592628479, 0.8837209343910217, 0.9767441749572754, 1.0, 1.0, 1.0, 1.0, 1.0, 1.0, 1.0, 1.0, 1.0, 1.0, 1.0, 1.0, 1.0, 1.0, 1.0, 1.0, 1.0, 1.0, 1.0, 1.0, 1.0, 1.0, 1.0, 1.0, 1.0, 1.0, 1.0, 1.0, 1.0, 1.0, 1.0, 1.0, 1.0, 1.0, 1.0, 1.0, 1.0, 1.0, 1.0, 1.0, 1.0, 1.0, 1.0, 1.0, 1.0, 1.0], "val_accuracy": [1.0, 1.0, 1.0, 1.0, 1.0, 1.0, 1.0, 1.0, 1.0, 1.0, 1.0, 1.0, 1.0, 1.0, 1.0, 1.0, 1.0, 1.0, 1.0, 1.0, 1.0, 1.0, 1.0, 1.0, 1.0, 1.0, 1.0, 1.0, 1.0, 1.0, 1.0, 1.0, 1.0, 1.0, 1.0, 1.0, 1.0, 1.0, 1.0, 1.0, 1.0, 1.0, 1.0, 1.0, 1.0, 1.0, 1.0, 1.0, 1.0, 1.0], "loss": [1.1764565706253052, 0.43264859914779663, 0.3115505278110504, 0.13891065120697021, 0.0893687978386879, 0.0661158487200737, 0.06303868442773819, 0.0227484293282032, 0.01951737515628338, 0.06268324702978134, 0.031295400112867355, 0.02231452614068985, 0.0369521863758564, 0.017364878207445145, 0.03642680495977402, 0.006725333631038666, 0.013560193590819836, 0.006395280361175537, 0.02997300773859024, 0.018733203411102295, 0.00779002346098423, 0.005738081410527229, 0.005663243122398853, 0.016967082396149635, 0.02045820653438568, 0.004915240686386824, 0.006085216533392668, 0.0036594278644770384, 0.0017991781933233142, 0.003186252899467945, 0.0033735819160938263, 0.0014158101985231042, 0.006332422606647015, 0.00398201635107398, 0.0011380218202248216, 0.0020406879484653473, 0.0015667070401832461, 0.006639516446739435, 0.001753026619553566, 0.001344412681646645, 0.003122805617749691, 0.001051427097991109, 0.0014194146497175097, 0.0011242242762818933, 0.010811745189130306, 0.0034348568879067898, 0.002856897423043847, 0.0012808782048523426, 0.0009717998327687383, 0.0006808634498156607], "val_loss": [0.9021413922309875, 0.7293002009391785, 0.6236580610275269, 0.5553315281867981, 0.5113107562065125, 0.47817039489746094, 0.452656090259552, 0.4307285249233246, 0.4116585850715637, 0.38232678174972534, 0.35298267006874084, 0.33232587575912476, 0.3165343105792999, 0.30070939660072327, 0.2804422974586487, 0.2580118179321289, 0.24148385226726532, 0.22738313674926758, 0.21419069170951843, 0.20099003612995148, 0.1907593309879303, 0.18191944062709808, 0.17435868084430695, 0.16456273198127747, 0.1558641940355301, 0.1473521739244461, 0.1396091878414154, 0.13291843235492706, 0.126313254237175, 0.12062425911426544, 0.11568131297826767, 0.11087248474359512, 0.10652812570333481, 0.10187806934118271, 0.09838228672742844, 0.09480327367782593, 0.09132058918476105, 0.08765897154808044, 0.0830310806632042, 0.07830844074487686, 0.07440320402383804, 0.07079914957284927, 0.06739383935928345, 0.06406526267528534, 0.058619558811187744, 0.05221910402178764, 0.0469161756336689, 0.042975593358278275, 0.03967251628637314, 0.03724343702197075]}